,MAE,RMSE,sMAPE
NP,3.7824329245734507,5.733230707503752,0.09306865036763227
PJM,11.980327481105133,17.918473632997117,0.35345924415730373
BE,10.873291890361465,20.684826777838037,0.2750528117919173
FR,4.57804565758495,11.987290773645764,0.1305032537960683
DE,4.382149477577017,8.068487990704872,0.16718587967981313
