,MAE,RMSE,sMAPE
NP,3.396735950690576,5.268771754751468,0.08549386773525444
PJM,7.172580650777735,10.236165823439551,0.2714363557787546
BE,9.376582860591848,18.48730624234699,0.24435586421765265
FR,4.739975234630321,12.111363493723523,0.13549005646872936
DE,4.342731827108839,7.630151224552459,0.1693290808997442
